"Package","Version","Built","LibPath"
"BiocManager","1.30.27","4.5.3","renv/library"
"DBI","1.2.3","4.5.1","renv/library"
"DT","0.34.0","4.5.3","renv/library"
"Epi","2.65","4.5.3","renv/library"
"FNN","1.1.4.1","4.5.3","renv/library"
"HighFreq","0.1","4.5.1","renv/library"
"KernSmooth","2.23-26","4.5.1","renv/library"
"MASS","7.3-65","4.5.1","renv/library"
"Matrix","1.7-3","4.5.1","renv/library"
"R.methodsS3","1.8.2","4.5.2","renv/library"
"R.oo","1.27.1","4.5.2","renv/library"
"R.utils","2.13.0","4.5.3","renv/library"
"R6","2.6.1","4.5.1","renv/library"
"RColorBrewer","1.1-3","4.5.0","renv/library"
"RNetCDF","2.11-1","4.5.3","renv/library"
"RPostgreSQL","0.7-8","4.5.3","renv/library"
"RPostgres","1.4.10","4.5.3","renv/library"
"RSQLite","2.4.3","4.5.1","renv/library"
"Rcpp","1.1.1-1.1","4.5.3","renv/library"
"RcppArmadillo","15.2.6-1","4.5.3","renv/library"
"S7","0.2.2","4.5.3","renv/library"
"SWATdoctR","0.1.30","4.5.1","renv/library"
"SWATfarmR","4.0.5","4.5.1","renv/library"
"SWATmeasR","0.9.4","4.5.1","renv/library"
"SWATprepR","1.0.16","4.5.1","renv/library"
"SWATreadR","0.1.0.9014","4.5.1","renv/library"
"SWATrunR","1.1.0.9019","4.5.1","renv/library"
"SWATtunR","0.3.15","4.5.1","renv/library"
"TTR","0.24.4","4.5.3","renv/library"
"XML","3.99-0.23","4.5.3","renv/library"
"abind","1.4-8","4.5.2","renv/library"
"askpass","1.2.1","4.5.1","renv/library"
"backports","1.5.0","4.5.0","renv/library"
"base64enc","0.1-3","4.5.0","renv/library"
"bit","4.6.0","4.5.1","renv/library"
"bit64","4.6.0-1","4.5.1","renv/library"
"blob","1.2.4","4.5.1","renv/library"
"brew","1.0-10","4.5.3","renv/library"
"brio","1.1.5","4.5.3","renv/library"
"broom","1.0.9","4.5.1","renv/library"
"bslib","0.9.0","4.5.1","renv/library"
"cachem","1.1.0","4.5.1","renv/library"
"callr","3.7.6","4.5.1","renv/library"
"cellranger","1.1.0","4.5.1","renv/library"
"class","7.3-23","4.5.1","renv/library"
"classInt","0.4-11","4.5.1","renv/library"
"cli","3.6.5","4.5.1","renv/library"
"clipr","0.8.0","4.5.1","renv/library"
"cmprsk","2.2-12","4.5.3","renv/library"
"colorspace","2.1-2","4.5.3","renv/library"
"cols4all","0.10","4.5.3","renv/library"
"commonmark","2.0.0","4.5.3","renv/library"
"conflicted","1.2.0","4.5.1","renv/library"
"covr","3.6.5","4.5.3","renv/library"
"cpp11","0.5.2","4.5.1","renv/library"
"crayon","1.5.3","4.5.1","renv/library"
"credentials","2.0.3","4.5.3","renv/library"
"crosstalk","1.2.2","4.5.3","renv/library"
"curl","6.4.0","4.5.1","renv/library"
"data.table","1.17.8","4.5.1","renv/library"
"dbplyr","2.5.0","4.5.1","renv/library"
"deldir","2.0-4","4.5.2","renv/library"
"desc","1.4.3","4.5.3","renv/library"
"devtools","2.5.2","4.5.3","renv/library"
"diffobj","0.3.6","4.5.3","renv/library"
"digest","0.6.37","4.5.1","renv/library"
"doParallel","1.0.17","4.5.3","renv/library"
"doSNOW","1.0.20","4.5.1","renv/library"
"downlit","0.4.5","4.5.3","renv/library"
"dplyr","1.1.4","4.5.1","renv/library"
"dtplyr","1.3.1","4.5.1","renv/library"
"dygraphs","1.1.1.6","4.5.1","renv/library"
"e1071","1.7-16","4.5.1","renv/library"
"ellipsis","0.3.3","4.5.3","renv/library"
"etm","1.1.2","4.5.3","renv/library"
"evaluate","1.0.4","4.5.1","renv/library"
"fansi","1.0.7","4.5.3","renv/library"
"farver","2.1.2","4.5.1","renv/library"
"fastmap","1.2.0","4.5.1","renv/library"
"fmsb","0.7.6","4.5.3","renv/library"
"foghorn","1.6.1","4.5.3","renv/library"
"fontawesome","0.5.3","4.5.1","renv/library"
"forcats","1.0.0","4.5.1","renv/library"
"foreach","1.5.2","4.5.1","renv/library"
"fs","2.1.0","4.5.3","renv/library"
"gargle","1.5.2","4.5.1","renv/library"
"generics","0.1.4","4.5.1","renv/library"
"geojsonsf","2.0.5","4.5.3","renv/library"
"geometries","0.2.5","4.5.3","renv/library"
"gert","2.3.1","4.5.3","renv/library"
"ggplot2","3.5.2","4.5.1","renv/library"
"ggrepel","0.9.8","4.5.3","renv/library"
"gh","1.6.0","4.5.3","renv/library"
"gitcreds","0.1.2","4.5.3","renv/library"
"glue","1.8.0","4.5.1","renv/library"
"goftest","1.2-3","4.5.2","renv/library"
"googledrive","2.1.1","4.5.1","renv/library"
"googlesheets4","1.1.1","4.5.1","renv/library"
"gridExtra","2.3","4.5.2","renv/library"
"gstat","2.1-6","4.5.3","renv/library"
"gtable","0.3.6","4.5.1","renv/library"
"haven","2.5.5","4.5.1","renv/library"
"highr","0.11","4.5.1","renv/library"
"hms","1.1.3","4.5.1","renv/library"
"htmltools","0.5.8.1","4.5.1","renv/library"
"htmlwidgets","1.6.4","4.5.1","renv/library"
"httpuv","1.6.17","4.5.3","renv/library"
"httr","1.4.7","4.5.1","renv/library"
"httr2","1.2.2","4.5.3","renv/library"
"hunspell","3.0.6","4.5.3","renv/library"
"hydroGOF","0.6-0.1","4.5.1","renv/library"
"hydroTSM","0.7-0.1","4.5.1","renv/library"
"ids","1.0.1","4.5.1","renv/library"
"ini","0.3.1","4.5.3","renv/library"
"intervals","0.15.5","4.5.2","renv/library"
"isoband","0.2.7","4.5.1","renv/library"
"iterators","1.0.14","4.5.1","renv/library"
"jquerylib","0.1.4","4.5.1","renv/library"
"jsonify","1.2.3","4.5.3","renv/library"
"jsonlite","2.0.0","4.5.1","renv/library"
"knitr","1.50","4.5.1","renv/library"
"labeling","0.4.3","4.5.0","renv/library"
"later","1.4.8","4.5.3","renv/library"
"lattice","0.22-7","4.5.1","renv/library"
"lazyeval","0.2.3","4.5.3","renv/library"
"leafem","0.2.5","4.5.3","renv/library"
"leafgl","0.2.4","4.5.3","renv/library"
"leaflegend","1.2.8","4.5.3","renv/library"
"leaflet","2.2.3","4.5.3","renv/library"
"leaflet.providers","3.0.0","4.5.3","renv/library"
"leafpop","0.1.0","4.5.3","renv/library"
"leafsync","0.1.0","4.5.3","renv/library"
"lhs","1.2.0","4.5.1","renv/library"
"lifecycle","1.0.5","4.5.3","renv/library"
"lintr","3.3.0-1","4.5.3","renv/library"
"lmtest","0.9-40","4.5.3","renv/library"
"logger","0.4.2","4.5.3","renv/library"
"lubridate","1.9.4","4.5.1","renv/library"
"lwgeom","0.2-16","4.5.3","renv/library"
"magrittr","2.0.3","4.5.1","renv/library"
"maps","3.4.3","4.5.3","renv/library"
"maptiles","0.11.0","4.5.3","renv/library"
"mapview","2.11.4","4.5.3","renv/library"
"memoise","2.0.1","4.5.1","renv/library"
"mgcv","1.9-3","4.5.1","renv/library"
"microbenchmark","1.5.0","4.5.3","renv/library"
"mime","0.13","4.5.0","renv/library"
"miniUI","0.1.2","4.5.3","renv/library"
"modelr","0.1.11","4.5.1","renv/library"
"nanoarrow","0.8.0","4.5.3","renv/library"
"nlme","3.1-168","4.5.1","renv/library"
"numDeriv","2016.8-1.1","4.5.2","renv/library"
"odbc","1.7.0","4.5.3","renv/library"
"openssl","2.3.3","4.5.1","renv/library"
"otel","0.2.0","4.5.3","renv/library"
"pacman","0.5.1","4.5.3","renv/library"
"pak","0.10.0","4.5.3","renv/library"
"patchwork","1.3.1","4.5.1","renv/library"
"pbapply","1.7-4","4.5.3","renv/library"
"pillar","1.11.0","4.5.1","renv/library"
"pkgbuild","1.4.8","4.5.3","renv/library"
"pkgconfig","2.0.3","4.5.1","renv/library"
"pkgdown","2.2.0","4.5.3","renv/library"
"pkgload","1.5.2","4.5.3","renv/library"
"plogr","0.2.0","4.5.1","renv/library"
"plotly","4.12.0","4.5.3","renv/library"
"plyr","1.8.9","4.5.3","renv/library"
"png","0.1-9","4.5.3","renv/library"
"polyclip","1.10-7","4.5.2","renv/library"
"pool","1.0.5","4.5.3","renv/library"
"praise","1.0.0","4.5.3","renv/library"
"prettyunits","1.2.0","4.5.1","renv/library"
"processx","3.8.6","4.5.1","renv/library"
"profvis","0.4.0","4.5.3","renv/library"
"progress","1.2.3","4.5.1","renv/library"
"promises","1.5.0","4.5.3","renv/library"
"proxy","0.4-27","4.5.1","renv/library"
"ps","1.9.1","4.5.1","renv/library"
"purrr","1.1.0","4.5.1","renv/library"
"quantmod","0.4.28","4.5.3","renv/library"
"quarto","1.5.1","4.5.3","renv/library"
"ragg","1.4.0","4.5.1","renv/library"
"rapidjsonr","1.2.1","4.5.2","renv/library"
"rappdirs","0.3.3","4.5.1","renv/library"
"raster","3.6-32","4.5.3","renv/library"
"rcmdcheck","1.4.0","4.5.3","renv/library"
"readr","2.1.5","4.5.1","renv/library"
"readxl","1.4.5","4.5.1","renv/library"
"rematch","2.0.0","4.5.1","renv/library"
"rematch2","2.1.2","4.5.1","renv/library"
"remotes","2.5.0","4.5.1","renv/library"
"renv","1.2.2","4.5.3","renv/library"
"reprex","2.1.1","4.5.1","renv/library"
"reshape2","1.4.5","4.5.3","renv/library"
"rex","1.2.2","4.5.3","renv/library"
"rlang","1.1.6","4.5.1","renv/library"
"rmarkdown","2.29","4.5.1","renv/library"
"roxygen2","8.0.0","4.5.3","renv/library"
"rprojroot","2.1.1","4.5.3","renv/library"
"rstudioapi","0.17.1","4.5.1","renv/library"
"rutils","0.2","4.5.1","renv/library"
"rversions","3.0.0","4.5.3","renv/library"
"rvest","1.0.4","4.5.1","renv/library"
"s2","1.1.9","4.5.1","renv/library"
"sass","0.4.10","4.5.1","renv/library"
"satellite","1.0.6","4.5.3","renv/library"
"scales","1.4.0","4.5.1","renv/library"
"selectr","0.4-2","4.5.1","renv/library"
"servr","0.32","4.5.3","renv/library"
"sessioninfo","1.2.4","4.5.3","renv/library"
"sf","1.1-1","4.5.3","renv/library"
"sfheaders","0.4.5","4.5.3","renv/library"
"sftime","0.3.2","4.5.3","renv/library"
"shiny","1.13.0","4.5.3","renv/library"
"snow","0.4-4","4.5.0","renv/library"
"sourcetools","0.1.7-2","4.5.3","renv/library"
"sp","2.2-1","4.5.3","renv/library"
"spacesXYZ","1.6-0","4.5.3","renv/library"
"spacetime","1.3-3","4.5.3","renv/library"
"spatstat","3.6-0","4.5.3","renv/library"
"spatstat.data","3.1-9","4.5.3","renv/library"
"spatstat.explore","3.8-0","4.5.3","renv/library"
"spatstat.geom","3.8-1","4.5.3","renv/library"
"spatstat.linnet","3.5-0","4.5.3","renv/library"
"spatstat.model","3.7-0","4.5.3","renv/library"
"spatstat.random","3.4-5","4.5.3","renv/library"
"spatstat.sparse","3.2-0","4.5.3","renv/library"
"spatstat.univar","3.2-0","4.5.3","renv/library"
"spatstat.utils","3.2-3","4.5.3","renv/library"
"spelling","2.3.2","4.5.3","renv/library"
"stars","0.7-2","4.5.3","renv/library"
"stringdist","0.9.17","4.5.2","renv/library"
"stringi","1.8.7","4.5.0","renv/library"
"stringr","1.5.1","4.5.1","renv/library"
"svglite","2.2.2","4.5.3","renv/library"
"sys","3.4.3","4.5.1","renv/library"
"systemfonts","1.3.2","4.5.3","renv/library"
"tensor","1.5.1","4.5.2","renv/library"
"terra","1.9-27","4.5.3","renv/library"
"testthat","3.3.2","4.5.3","renv/library"
"textshaping","1.0.1","4.5.1","renv/library"
"tibble","3.3.0","4.5.1","renv/library"
"tidyr","1.3.1","4.5.1","renv/library"
"tidyselect","1.2.1","4.5.1","renv/library"
"tidyverse","2.0.0","4.5.1","renv/library"
"timechange","0.3.0","4.5.1","renv/library"
"tinytex","0.58","4.5.2","renv/library"
"tmap","4.3","4.5.3","renv/library"
"tmaptools","3.3","4.5.3","renv/library"
"tzdb","0.5.0","4.5.1","renv/library"
"units","0.8-7","4.5.1","renv/library"
"urlchecker","1.0.1","4.5.3","renv/library"
"usethis","3.2.1","4.5.3","renv/library"
"utf8","1.2.6","4.5.1","renv/library"
"uuid","1.2-1","4.5.0","renv/library"
"vcd","1.4-13","4.5.3","renv/library"
"vctrs","0.6.5","4.5.1","renv/library"
"viridisLite","0.4.2","4.5.1","renv/library"
"vroom","1.6.5","4.5.1","renv/library"
"waldo","0.6.2","4.5.3","renv/library"
"whisker","0.4.1","4.5.3","renv/library"
"whitebox","2.4.3","4.5.1","renv/library"
"withr","3.0.2","4.5.1","renv/library"
"wk","0.9.4","4.5.1","renv/library"
"xfun","0.54","4.5.2","renv/library"
"xml2","1.3.8","4.5.1","renv/library"
"xmlparsedata","1.0.5","4.5.3","renv/library"
"xopen","1.0.1","4.5.3","renv/library"
"xtable","1.8-8","4.5.3","renv/library"
"xts","0.14.1","4.5.1","renv/library"
"yaml","2.3.10","4.5.0","renv/library"
"yyjsonr","0.1.22","4.5.3","renv/library"
"zip","3.0.0","4.5.3","renv/library"
"zoo","1.8-14","4.5.1","renv/library"
